{
  "asset": {
    "version": "1.1",
    "extras": {
      "ion": {
        "georeferenced": true,
        "movable": true
      }
    }
  },
  "schema": {
    "id": "customFromIfcDocument",
    "classes": {
      "merged": {
        "properties": {
          "Deskripsi": {
            "name": "(-) : Deskripsi",
            "type": "STRING",
            "noData": ""
          },
          "representation": {
            "name": "Representation",
            "type": "STRING",
            "noData": ""
          },
          "objectType": {
            "name": "ObjectType",
            "type": "STRING",
            "noData": ""
          },
          "className": {
            "name": "Class Name",
            "type": "STRING",
            "noData": ""
          },
          "NamaElemen": {
            "name": "(-) : Nama Elemen",
            "type": "STRING",
            "noData": ""
          },
          "classId": {
            "name": "Class ID",
            "type": "SCALAR",
            "componentType": "UINT32",
            "noData": 0
          },
          "expressId": {
            "name": "Express ID",
            "type": "SCALAR",
            "componentType": "UINT32",
            "noData": 0
          },
          "KodeElemen": {
            "name": "(-) : Kode Elemen",
            "type": "STRING",
            "noData": ""
          },
          "Kondisi": {
            "name": "(-) : Kondisi",
            "type": "STRING",
            "noData": ""
          },
          "ownerHistory": {
            "name": "OwnerHistory",
            "type": "STRING",
            "noData": ""
          },
          "name": {
            "name": "Name",
            "type": "STRING",
            "noData": ""
          },
          "name_1": {
            "type": "STRING",
            "noData": ""
          },
          "Pengguna": {
            "name": "(-) : Pengguna",
            "type": "STRING",
            "noData": ""
          },
          "Pengelola": {
            "name": "(-) : Pengelola",
            "type": "STRING",
            "noData": ""
          },
          "ObjectId": {
            "name": "(-) : ObjectId",
            "type": "STRING",
            "noData": ""
          },
          "Pemilik": {
            "name": "(-) : Pemilik",
            "type": "STRING",
            "noData": ""
          },
          "TahunPembangunan": {
            "name": "(-) : Tahun Pembangunan",
            "type": "STRING",
            "noData": ""
          },
          "GlobalId": {
            "name": "(-) : GlobalId",
            "type": "STRING",
            "noData": ""
          },
          "globalId": {
            "name": "GlobalId",
            "type": "STRING",
            "noData": ""
          },
          "predefinedType": {
            "name": "PredefinedType",
            "type": "STRING",
            "noData": ""
          },
          "NamaBangunan": {
            "name": "(-) : Nama Bangunan",
            "type": "STRING",
            "noData": ""
          },
          "NamaProject": {
            "name": "(-) : Nama Project",
            "type": "STRING",
            "noData": ""
          },
          "tag": {
            "name": "Tag",
            "type": "STRING",
            "noData": ""
          },
          "objectPlacement": {
            "name": "ObjectPlacement",
            "type": "STRING",
            "noData": ""
          }
        }
      }
    }
  },
  "geometricError": 31.610190024316204,
  "root": {
    "boundingVolume": {
      "box": [3.2154079700267175, 0.7399857584403087, 5.940400915219449, 10.75879626920505, 0.0, 0.0, 0.0, 10.952968815341592, 0.0, 0.0, 0.0, 5.94541750361855]
    },
    "geometricError": 8.129669710206091,
    "refine": "ADD",
    "transform": [-0.9479829508769607, -0.31832110336358455, 0.0, 0.0, -0.04081170170342083, 0.12154015867094126, 0.9917471425894372, 0.0, -0.31569404468675183, 0.9401593827557286, -0.12820922418331132, 0.0, -2013656.3567881908, 5996812.259663071, -812308.752941584, 1.0],
    "content": {
      "uri": "tiles/0/0/0/0.glb"
    },
    "children": [{
        "boundingVolume": {
          "box": [-3.1354963907797355, 4.771373422817997, 9.159408742337076, 3.585653277375968, 0.0, 0.0, 0.0, 1.9028496872633696, 0.0, 0.0, 0.0, 1.4194153472673126]
        },
        "geometricError": 2.9560412795685185,
        "content": {
          "boundingVolume": {
            "box": [-3.2078255235683173, 4.771373422817997, 9.094396498136, 3.3268060570117086, 0.0, 0.0, 0.0, 1.9028496872633696, 0.0, 0.0, 0.0, 1.3544027931056917]
          },
          "uri": "tiles/1/0/1/0.glb"
        },
        "children": [{
            "boundingVolume": {
              "box": [-4.400152398375212, 4.970347719268612, 9.15940873369999, 1.919967435838771, 0.0, 0.0, 0.0, 0.9752952698618174, 0.0, 0.0, 0.0, 1.4194142709135988]
            },
            "geometricError": 1.2653519295990538,
            "content": {
              "boundingVolume": {
                "box": [-4.520579321339028, 5.075972883032374, 9.159408839077276, 1.7992568607151043, 0.0, 0.0, 0.0, 0.8696701060980558, 0.0, 0.0, 0.0, 1.4194141655363133]
              },
              "uri": "tiles/2/0/2/1.glb"
            },
            "children": [{
                "boundingVolume": {
                  "box": [-5.972217692542472, 5.64943929296147, 8.05499469369851, 0.17602857096062507, 0.0, 0.0, 0.0, 0.23921374697238207, 0.0, 0.0, 0.0, 0.31500023091211915]
                },
                "geometricError": 0.0,
                "content": {
                  "uri": "tiles/3/0/5/2.glb"
                }
              }, {
                "boundingVolume": {
                  "box": [-5.542707881846582, 5.470510601998977, 8.631389023189557, 0.7774119523674017, 0.0, 0.0, 0.0, 0.47359655052423477, 0.0, 0.0, 0.0, 0.36139458774680655]
                },
                "geometricError": 0.10766763741086514,
                "content": {
                  "uri": "tiles/3/0/5/3.glb"
                },
                "children": [{
                    "boundingVolume": {
                      "box": [-5.953575382503914, 5.652621101589612, 8.458106677850866, 0.2370954753132537, 0.0, 0.0, 0.0, 0.22303023003041744, 0.0, 0.0, 0.0, 0.18188819656149313]
                    },
                    "geometricError": 0.09279901457141142,
                    "content": {
                      "boundingVolume": {
                        "box": [-6.054124117756146, 5.6997400904090325, 8.31249453793481, 0.10112630839284975, 0.0, 0.0, 0.0, 0.1639442155137658, 0.0, 0.0, 0.0, 0.03627605664543765]
                      },
                      "uri": "tiles/4/1/11/6.glb"
                    },
                    "children": [{
                        "boundingVolume": {
                          "box": [-5.891285006509861, 5.469025875443331, 8.466856919063412, 0.05538022625842132, 0.0, 0.0, 0.0, 0.03943500388413668, 0.0, 0.0, 0.0, 0.17313795534894716]
                        },
                        "geometricError": 0.0,
                        "content": {
                          "uri": "tiles/5/2/22/12.glb"
                        }
                      }, {
                        "boundingVolume": {
                          "box": [-5.953575382503914, 5.707857742907218, 8.46685679519751, 0.2370954753132537, 0.0, 0.0, 0.0, 0.16779358871281147, 0.0, 0.0, 0.0, 0.17313795814291488]
                        },
                        "geometricError": 0.07623419089539644,
                        "content": {
                          "boundingVolume": {
                            "box": [-5.971085543555091, 5.707857742907218, 8.46685679519751, 0.21958531426207628, 0.0, 0.0, 0.0, 0.16779358871281147, 0.0, 0.0, 0.0, 0.17313795814291488]
                          },
                          "uri": "tiles/5/2/23/12.glb"
                        },
                        "children": [{
                            "boundingVolume": {
                              "box": [-5.733594903169433, 5.717797237449996, 8.369994831068592, 0.01711499597877264, 0.0, 0.0, 0.0, 0.01612416561692953, 0.0, 0.0, 0.0, 0.0300000193528831]
                            },
                            "geometricError": 0.0,
                            "content": {
                              "uri": "tiles/6/5/46/24.glb"
                            }
                          }]
                      }]
                  }]
              }, {
                "boundingVolume": {
                  "box": [-3.344902749013272, 4.502605745570473, 8.054997498143614, 0.7527952183008892, 0.0, 0.0, 0.0, 0.49569976702332497, 0.0, 0.0, 0.0, 0.31500064372085035]
                },
                "geometricError": 0.0,
                "content": {
                  "uri": "tiles/3/1/5/2.glb"
                }
              }, {
                "boundingVolume": {
                  "box": [-3.3268467719171895, 4.500155488030724, 8.371497496746628, 0.8466618093807483, 0.0, 0.0, 0.0, 0.505103038623929, 0.0, 0.0, 0.0, 0.6315005018841475]
                },
                "geometricError": 1.2653519094072592,
                "content": {
                  "boundingVolume": {
                    "box": [-3.3268467719171895, 4.500155488030724, 8.371497016882671, 0.8466618093807483, 0.0, 0.0, 0.0, 0.505103038623929, 0.0, 0.0, 0.0, 0.631500022020191]
                  },
                  "uri": "tiles/3/1/5/3.glb"
                },
                "children": [{
                    "boundingVolume": {
                      "box": [-3.9027805279329186, 4.701480706223957, 8.458109111629584, 0.23734370998863596, 0.0, 0.0, 0.0, 0.16988781187683344, 0.0, 0.0, 0.0, 0.18188804731705055]
                    },
                    "geometricError": 0.09279899104477822,
                    "content": {
                      "boundingVolume": {
                        "box": [-3.801723424650845, 4.707951629535965, 8.312497109316439, 0.10233034209522884, 0.0, 0.0, 0.0, 0.16341688856482506, 0.0, 0.0, 0.0, 0.036276045003905466]
                      },
                      "uri": "tiles/4/2/10/6.glb"
                    },
                    "children": [{
                        "boundingVolume": {
                          "box": [-4.123009249276947, 4.689446983860544, 8.36999692095645, 0.017114988644607365, 0.0, 0.0, 0.0, 0.016124160960316658, 0.0, 0.0, 0.0, 0.03000001609325409]
                        },
                        "geometricError": 0.0,
                        "content": {
                          "uri": "tiles/5/4/21/12.glb"
                        }
                      }, {
                        "boundingVolume": {
                          "box": [-3.885494085989194, 4.697001637892536, 8.466859073678188, 0.22005726804491132, 0.0, 0.0, 0.0, 0.16540874354541302, 0.0, 0.0, 0.0, 0.17313808526844632]
                        },
                        "geometricError": 0.0,
                        "content": {
                          "uri": "tiles/5/5/21/12.glb"
                        }
                      }]
                  }, {
                    "boundingVolume": {
                      "box": [-3.9631908755545737, 4.935724788346998, 8.466858881127246, 0.05701200389012229, 0.0, 0.0, 0.0, 0.04171112086623907, 0.0, 0.0, 0.0, 0.17313801518642258]
                    },
                    "geometricError": 0.0,
                    "content": {
                      "uri": "tiles/4/2/11/6.glb"
                    }
                  }, {
                    "boundingVolume": {
                      "box": [-2.7523649516224395, 4.250468666666857, 8.371497979870213, 0.23709546600002795, 0.0, 0.0, 0.0, 0.22303022909909487, 0.0, 0.0, 0.0, 0.6315000187605619]
                    },
                    "geometricError": 0.10766762962484111,
                    "content": {
                      "boundingVolume": {
                        "box": [-2.753403756476473, 4.238506070339791, 8.371497979870213, 0.027366396505385637, 0.0, 0.0, 0.0, 0.027160086669027805, 0.0, 0.0, 0.0, 0.6315000187605619]
                      },
                      "uri": "tiles/4/3/10/6.glb"
                    },
                    "children": [{
                        "boundingVolume": {
                          "box": [-2.9090733451594133, 4.1616536472008745, 8.458075719305924, 0.042583981005009264, 0.0, 0.0, 0.0, 0.028615077957510948, 0.0, 0.0, 0.0, 0.1819222717774167]
                        },
                        "geometricError": 0.10764987221893466,
                        "children": [{
                            "boundingVolume": {
                              "box": [-2.9090733451594133, 4.1616536472008745, 8.31242941919076, 0.042583981005009264, 0.0, 0.0, 0.0, 0.028615077957510948, 0.0, 0.0, 0.0, 0.036275971662252715]
                            },
                            "geometricError": 0.0,
                            "content": {
                              "uri": "tiles/6/13/41/24.glb"
                            }
                          }, {
                            "boundingVolume": {
                              "box": [-2.884119919355726, 4.154623146170489, 8.59999797707625, 0.017114988761022687, 0.0, 0.0, 0.0, 0.01612416561692953, 0.0, 0.0, 0.0, 0.04000001400709152]
                            },
                            "geometricError": 0.0,
                            "content": {
                              "uri": "tiles/6/13/41/25.glb"
                            }
                          }]
                      }, {
                        "boundingVolume": {
                          "box": [-2.8694325684045907, 4.321432701313607, 8.458075590550578, 0.12002784921787679, 0.0, 0.0, 0.0, 0.15206619445234537, 0.0, 0.0, 0.0, 0.18192227992648924]
                        },
                        "geometricError": 0.10766762962484111,
                        "children": [{
                            "boundingVolume": {
                              "box": [-2.8694325684045907, 4.321432701313607, 8.338075620231828, 0.12002784921787679, 0.0, 0.0, 0.0, 0.15206619445234537, 0.0, 0.0, 0.0, 0.06192230960773948]
                            },
                            "geometricError": 0.0,
                            "content": {
                              "uri": "tiles/6/13/42/24.glb"
                            }
                          }, {
                            "boundingVolume": {
                              "box": [-2.7719522241677623, 4.404726336711756, 8.599997856935637, 0.016124156303703785, 0.0, 0.0, 0.0, 0.01711499784141779, 0.0, 0.0, 0.0, 0.040000013541430235]
                            },
                            "geometricError": 0.0,
                            "content": {
                              "uri": "tiles/6/13/42/25.glb"
                            }
                          }]
                      }, {
                        "boundingVolume": {
                          "box": [-2.6935188595671207, 4.067167062313966, 8.46682586645489, 0.058824494830332696, 0.0, 0.0, 0.0, 0.03972862474620342, 0.0, 0.0, 0.0, 0.17317223173054686]
                        },
                        "geometricError": 0.09279897679698797,
                        "children": [{
                            "boundingVolume": {
                              "box": [-2.6821650980127743, 4.057788146661333, 8.3468258996286, 0.04747073327598628, 0.0, 0.0, 0.0, 0.03034970909357071, 0.0, 0.0, 0.0, 0.05317226490425675]
                            },
                            "geometricError": 0.0,
                            "content": {
                              "uri": "tiles/6/14/41/24.glb"
                            }
                          }, {
                            "boundingVolume": {
                              "box": [-2.736219198908657, 4.089780691081397, 8.599998085109668, 0.016124155488796532, 0.0, 0.0, 0.0, 0.01711499597877264, 0.0, 0.0, 0.0, 0.04000001307576895]
                            },
                            "geometricError": 0.0,
                            "content": {
                              "uri": "tiles/6/14/41/25.glb"
                            }
                          }]
                      }, {
                        "boundingVolume": {
                          "box": [-2.5781935987470206, 4.328843428754918, 8.466825745150125, 0.062924113124609, 0.0, 0.0, 0.0, 0.029322785325348377, 0.0, 0.0, 0.0, 0.17317223382602265]
                        },
                        "geometricError": 0.09279897861745862,
                        "children": [{
                            "boundingVolume": {
                              "box": [-2.564042559955851, 4.328843428754918, 8.346825771106085, 0.04877307433343958, 0.0, 0.0, 0.0, 0.029322785325348377, 0.0, 0.0, 0.0, 0.05317225978198259]
                            },
                            "geometricError": 0.0,
                            "content": {
                              "uri": "tiles/6/14/42/24.glb"
                            }
                          }, {
                            "boundingVolume": {
                              "box": [-2.62400272602099, 4.339995251970104, 8.599997964969056, 0.01711498585063964, 0.0, 0.0, 0.0, 0.016124166548252106, 0.0, 0.0, 0.0, 0.04000001400709152]
                            },
                            "geometricError": 0.0,
                            "content": {
                              "uri": "tiles/6/14/42/25.glb"
                            }
                          }]
                      }]
                  }]
              }]
          }, {
            "boundingVolume": {
              "box": [-6.341429507650901, 6.375134970063082, 9.094493625005857, 0.37972016050480306, 0.0, 0.0, 0.0, 0.258797281421721, 0.0, 0.0, 0.0, 1.354500229936093]
            },
            "geometricError": 0.0,
            "content": {
              "uri": "tiles/2/0/3/1.glb"
            }
          }, {
            "boundingVolume": {
              "box": [-1.3430448628641898, 3.8026126632482926, 9.159411490902825, 1.7932017494604224, 0.0, 0.0, 0.0, 0.7467743875458837, 0.0, 0.0, 0.0, 1.4194125987015642]
            },
            "geometricError": 0.7108441357073196,
            "content": {
              "boundingVolume": {
                "box": [-1.3430448628641898, 3.8053389675931255, 9.159411490902825, 1.7932017494604224, 0.0, 0.0, 0.0, 0.7440480832010508, 0.0, 0.0, 0.0, 1.4194125987015642]
              },
              "uri": "tiles/2/1/2/1.glb"
            },
            "children": [{
                "boundingVolume": {
                  "box": [-0.7613131115504075, 3.2072597537205736, 8.054999134710208, 0.1319198152050376, 0.0, 0.0, 0.0, 0.0984731987118721, 0.0, 0.0, 0.0, 0.3150000600144267]
                },
                "geometricError": 0.0,
                "content": {
                  "uri": "tiles/3/2/4/2.glb"
                }
              }, {
                "boundingVolume": {
                  "box": [-0.6529441295424476, 3.3250668179259817, 8.454999054262563, 0.3192100460000802, 0.0, 0.0, 0.0, 0.26922854222357273, 0.0, 0.0, 0.0, 0.18500010889023777]
                },
                "geometricError": 0.10766762145441,
                "content": {
                  "boundingVolume": {
                    "box": [-0.6529441295424476, 3.3250668179259817, 8.449999064963457, 0.3192100460000802, 0.0, 0.0, 0.0, 0.26922854222357273, 0.0, 0.0, 0.0, 0.18000011959113138]
                  },
                  "uri": "tiles/3/2/4/3.glb"
                },
                "children": [{
                    "boundingVolume": {
                      "box": [-0.8741134892770788, 3.270116466099135, 8.466861120026708, 0.06214421124604996, 0.0, 0.0, 0.0, 0.032226803712546825, 0.0, 0.0, 0.0, 0.1731379923690124]
                    },
                    "geometricError": 0.0,
                    "content": {
                      "uri": "tiles/4/4/9/6.glb"
                    }
                  }, {
                    "boundingVolume": {
                      "box": [-0.5805532635858981, 3.298127651216201, 8.458111118396895, 0.11898296650906559, 0.0, 0.0, 0.0, 0.16976262629032135, 0.0, 0.0, 0.0, 0.18188804475590636]
                    },
                    "geometricError": 0.09279895857614659,
                    "content": {
                      "boundingVolume": {
                        "box": [-0.5972058955085231, 3.304473391735665, 8.312499100949765, 0.10233033458644059, 0.0, 0.0, 0.0, 0.16341688577085733, 0.0, 0.0, 0.0, 0.03627602730877655]
                      },
                      "uri": "tiles/4/5/9/6.glb"
                    },
                    "children": [{
                        "boundingVolume": {
                          "box": [-0.5794145978579763, 3.2929040249453108, 8.489999103864806, 0.11784430078114383, 0.0, 0.0, 0.0, 0.16453900001943111, 0.0, 0.0, 0.0, 0.1500000592879953]
                        },
                        "geometricError": 0.0,
                        "content": {
                          "uri": "tiles/5/10/19/12.glb"
                        }
                      }]
                  }]
              }, {
                "boundingVolume": {
                  "box": [-0.6440613869926892, 3.4938375903309504, 8.05499900153108, 0.12490261520724744, 0.0, 0.0, 0.0, 0.10131266061216593, 0.0, 0.0, 0.0, 0.3150000595487654]
                },
                "geometricError": 0.0,
                "content": {
                  "uri": "tiles/3/2/5/2.glb"
                }
              }, {
                "boundingVolume": {
                  "box": [-1.305898642691318, 3.74999854900103, 8.466860996859298, 0.6007416029751766, 0.0, 0.0, 0.0, 0.2609522193670273, 0.0, 0.0, 0.0, 0.1731379935331656]
                },
                "geometricError": 0.09279895877786858,
                "content": {
                  "boundingVolume": {
                    "box": [-1.7429486957844347, 3.8061454426513235, 8.359998607348796, 0.16369154988205992, 0.0, 0.0, 0.0, 0.20480532571673393, 0.0, 0.0, 0.0, 0.01000012713484466]
                  },
                  "uri": "tiles/3/2/5/3.glb"
                },
                "children": [{
                    "boundingVolume": {
                      "box": [-0.7607466863992158, 3.5316271837816755, 8.466860996859298, 0.055589646683074534, 0.0, 0.0, 0.0, 0.04258085414767265, 0.0, 0.0, 0.0, 0.1731379935331656]
                    },
                    "geometricError": 0.0,
                    "content": {
                      "uri": "tiles/4/4/10/6.glb"
                    }
                  }]
              }]
          }]
      }, {
        "boundingVolume": {
          "box": [4.449965753650758, -1.9873326215877016, 9.516491738158955, 0.9444171836366877, 0.0, 0.0, 0.0, 3.384431282058358, 0.0, 0.0, 0.0, 1.776495788753003]
        },
        "geometricError": 3.4822982486293563,
        "content": {
          "boundingVolume": {
            "box": [4.449965753650758, -1.7787629989891132, 9.383097485337927, 0.9444171836366877, 0.0, 0.0, 0.0, 3.1758616594597697, 0.0, 0.0, 0.0, 1.6431014654226601]
          },
          "uri": "tiles/1/1/0/0.glb"
        },
        "children": [{
            "boundingVolume": {
              "box": [4.91647442910471, -5.00033318158079, 9.433146142370774, 0.1639570549596101, 0.0, 0.0, 0.0, 0.37143072206526995, 0.0, 0.0, 0.0, 1.693150192964822]
            },
            "geometricError": 0.0,
            "content": {
              "uri": "tiles/2/2/0/1.glb"
            }
          }, {
            "boundingVolume": {
              "box": [4.192340319932555, -1.7910069404153903, 9.516492109008997, 0.5779501207725843, 0.0, 0.0, 0.0, 2.8137861685827374, 0.0, 0.0, 0.0, 1.7764954179029608]
            },
            "geometricError": 1.2653518913579185,
            "content": {
              "boundingVolume": {
                "box": [4.192340319932555, -1.7910069404153903, 9.516492765873416, 0.5779501207725843, 0.0, 0.0, 0.0, 2.8137861685827374, 0.0, 0.0, 0.0, 1.776494761038542]
              },
              "uri": "tiles/2/2/1/1.glb"
            },
            "children": [{
                "boundingVolume": {
                  "box": [4.364075533507275, -3.2666604518874367, 8.03999755518712, 0.39337575536046643, 0.0, 0.0, 0.0, 1.2210674080997705, 0.0, 0.0, 0.0, 0.30000086408108473]
                },
                "geometricError": 0.0,
                "content": {
                  "uri": "tiles/3/4/2/2.glb"
                }
              }, {
                "boundingVolume": {
                  "box": [4.3565724817162845, -3.2674922337739547, 8.371496950758768, 0.4118789879139513, 0.0, 0.0, 0.0, 1.3212312264367938, 0.0, 0.0, 0.0, 0.631500022020191]
                },
                "geometricError": 0.09900601782553521,
                "content": {
                  "uri": "tiles/3/4/2/3.glb"
                },
                "children": [{
                    "boundingVolume": {
                      "box": [4.4781004563119495, -4.357724495230504, 8.415666416642209, 0.2732405471178936, 0.0, 0.0, 0.0, 0.20456724241375923, 0.0, 0.0, 0.0, 0.17133074044176233]
                    },
                    "geometricError": 0.09899951220818407,
                    "content": {
                      "boundingVolume": {
                        "box": [4.488010239219875, -4.355417670680471, 8.2818618036264, 0.2599169915629318, 0.0, 0.0, 0.0, 0.16276830434799194, 0.0, 0.0, 0.0, 0.03752612742595396]
                      },
                      "uri": "tiles/4/8/4/6.glb"
                    },
                    "children": [{
                        "boundingVolume": {
                          "box": [4.4781004563119495, -4.357724495230504, 8.426242518877006, 0.2732405471178936, 0.0, 0.0, 0.0, 0.20456724241375923, 0.0, 0.0, 0.0, 0.16075463820696534]
                        },
                        "geometricError": 0.09279899163952185,
                        "content": {
                          "boundingVolume": {
                            "box": [4.476393585820915, -4.356901491990574, 8.4262424588067, 0.27153367662685923, 0.0, 0.0, 0.0, 0.1215083533897996, 0.0, 0.0, 0.0, 0.16075457813665928]
                          },
                          "uri": "tiles/5/17/8/12.glb"
                        },
                        "children": [{
                            "boundingVolume": {
                              "box": [4.25739510578569, -4.545176746322103, 8.339996961934641, 0.016124160028994083, 0.0, 0.0, 0.0, 0.017114991322159767, 0.0, 0.0, 0.0, 0.03000001609325409]
                            },
                            "geometricError": 0.0,
                            "content": {
                              "uri": "tiles/6/34/16/24.glb"
                            }
                          }, {
                            "boundingVolume": {
                              "box": [4.230958278698381, -4.262341380117722, 8.44849717463009, 0.025603993417462334, 0.0, 0.0, 0.0, 0.0571278128772974, 0.0, 0.0, 0.0, 0.1384999824538813]
                            },
                            "geometricError": 0.0,
                            "content": {
                              "uri": "tiles/6/34/17/24.glb"
                            }
                          }, {
                            "boundingVolume": {
                              "box": [4.734226009779377, -4.49212960526187, 8.339996662048772, 0.017114993650466204, 0.0, 0.0, 0.0, 0.016124160960316658, 0.0, 0.0, 0.0, 0.030000015161931515]
                            },
                            "geometricError": 0.0,
                            "content": {
                              "uri": "tiles/6/35/16/24.glb"
                            }
                          }, {
                            "boundingVolume": {
                              "box": [4.698309350933414, -4.169281411914416, 8.339996908849255, 0.01711499283555895, 0.0, 0.0, 0.0, 0.01612415909767151, 0.0, 0.0, 0.0, 0.030000015161931515]
                            },
                            "geometricError": 0.0,
                            "content": {
                              "uri": "tiles/6/35/17/24.glb"
                            }
                          }]
                      }]
                  }, {
                    "boundingVolume": {
                      "box": [4.235150623571826, -2.2005365230127056, 8.415667750063305, 0.2729933597147465, 0.0, 0.0, 0.0, 0.1836179681122303, 0.0, 0.0, 0.0, 0.17133065778688383]
                    },
                    "geometricError": 0.09899950121278436,
                    "content": {
                      "boundingVolume": {
                        "box": [4.245961552282097, -2.179686855523177, 8.281863061377537, 0.2599169923050795, 0.0, 0.0, 0.0, 0.16276830062270164, 0.0, 0.0, 0.0, 0.037525969101116274]
                      },
                      "uri": "tiles/4/8/5/6.glb"
                    },
                    "children": [{
                        "boundingVolume": {
                          "box": [3.9976846821664367, -2.206606247460731, 8.415667904197191, 0.03552741830935702, 0.0, 0.0, 0.0, 0.17754824366420507, 0.0, 0.0, 0.0, 0.17133050365299773]
                        },
                        "geometricError": 0.07623415850302012,
                        "content": {
                          "boundingVolume": {
                            "box": [3.998011645380757, -2.2271982394142826, 8.415667904197191, 0.03520045509503689, 0.0, 0.0, 0.0, 0.1569562517106533, 0.0, 0.0, 0.0, 0.17133050365299773]
                          },
                          "uri": "tiles/5/16/11/12.glb"
                        },
                        "children": [{
                            "boundingVolume": {
                              "box": [3.9792722526181024, -2.045182152649649, 8.339998435286955, 0.017114988761022687, 0.0, 0.0, 0.0, 0.016124148853123188, 0.0, 0.0, 0.0, 0.030000011902302504]
                            },
                            "geometricError": 0.0,
                            "content": {
                              "uri": "tiles/6/33/23/24.glb"
                            }
                          }]
                      }, {
                        "boundingVolume": {
                          "box": [4.473699104448315, -2.195500152183958, 8.448498056126907, 0.034444878838257864, 0.0, 0.0, 0.0, 0.1365980189293623, 0.0, 0.0, 0.0, 0.13850006813555815]
                        },
                        "geometricError": 0.0,
                        "content": {
                          "uri": "tiles/5/17/11/12.glb"
                        }
                      }]
                  }]
              }, {
                "boundingVolume": {
                  "box": [4.156633325575967, -1.4022468384339293, 8.039998489769324, 0.2723915701935766, 0.0, 0.0, 0.0, 0.13331731781363487, 0.0, 0.0, 0.0, 0.3000001939944923]
                },
                "geometricError": 0.0,
                "content": {
                  "uri": "tiles/3/4/3/2.glb"
                }
              }, {
                "boundingVolume": {
                  "box": [4.061332079960266, -0.5584052428587158, 8.371498506067468, 0.41089523618575186, 0.0, 0.0, 0.0, 1.4508447386324408, 0.0, 0.0, 0.0, 0.6315000155009329]
                },
                "geometricError": 0.09900600741480416,
                "content": {
                  "boundingVolume": {
                    "box": [4.045186388480943, -0.3716594716518004, 8.371498506067468, 0.3947495447064284, 0.0, 0.0, 0.0, 1.2640989674255254, 0.0, 0.0, 0.0, 0.6315000155009329]
                  },
                  "uri": "tiles/3/4/3/3.glb"
                },
                "children": [{
                    "boundingVolume": {
                      "box": [4.1743128076486755, -1.604963480493315, 8.415667984290932, 0.29791450849734247, 0.0, 0.0, 0.0, 0.40428650099784136, 0.0, 0.0, 0.0, 0.17133068758920622]
                    },
                    "geometricError": 0.09899950202818482,
                    "content": {
                      "boundingVolume": {
                        "box": [4.159548633891973, -1.4029374122603615, 8.281863408528027, 0.25991699045698624, 0.0, 0.0, 0.0, 0.16276830062270164, 0.0, 0.0, 0.0, 0.037526111826300834]
                      },
                      "uri": "tiles/4/8/6/6.glb"
                    },
                    "children": [{
                        "boundingVolume": {
                          "box": [3.911090498266276, -1.4516519941373547, 8.426244037398464, 0.03469219911494292, 0.0, 0.0, 0.0, 0.15815945155918598, 0.0, 0.0, 0.0, 0.16075463448167504]
                        },
                        "geometricError": 0.0,
                        "content": {
                          "uri": "tiles/5/16/12/12.glb"
                        }
                      }, {
                        "boundingVolume": {
                          "box": [3.893016832007561, -1.2698482787220557, 8.339998688606695, 0.016124157700687647, 0.0, 0.0, 0.0, 0.017114975489676, 0.0, 0.0, 0.0, 0.03000001050531864]
                        },
                        "geometricError": 0.0,
                        "content": {
                          "uri": "tiles/5/16/13/12.glb"
                        }
                      }, {
                        "boundingVolume": {
                          "box": [4.4208670938096475, -1.7186870668067415, 8.43691781711853, 0.0513602223363705, 0.0, 0.0, 0.0, 0.29056291468441486, 0.0, 0.0, 0.0, 0.15008052181378773]
                        },
                        "geometricError": 0.0,
                        "content": {
                          "uri": "tiles/5/17/12/12.glb"
                        }
                      }, {
                        "boundingVolume": {
                          "box": [4.3693937734060455, -1.2579190246744831, 8.448498383486791, 0.017568952491274104, 0.0, 0.0, 0.0, 0.05724204517900944, 0.0, 0.0, 0.0, 0.13850000480562308]
                        },
                        "geometricError": 0.0,
                        "content": {
                          "uri": "tiles/5/17/13/12.glb"
                        }
                      }]
                  }, {
                    "boundingVolume": {
                      "box": [3.9188416022079764, 0.6560877161116522, 8.426244120286173, 0.26127884107700083, 0.0, 0.0, 0.0, 0.09170006308704615, 0.0, 0.0, 0.0, 0.16075478861556114]
                    },
                    "geometricError": 0.07623414869527091,
                    "content": {
                      "boundingVolume": {
                        "box": [3.9188416022079764, 0.6789969960243624, 8.426244120286173, 0.26127884107700083, 0.0, 0.0, 0.0, 0.06879078317433596, 0.0, 0.0, 0.0, 0.16075478861556114]
                      },
                      "uri": "tiles/4/8/7/6.glb"
                    },
                    "children": [{
                        "boundingVolume": {
                          "box": [3.687165382056264, 0.5805117953584712, 8.3399989074675, 0.017114988062530756, 0.0, 0.0, 0.0, 0.016124142333865166, 0.0, 0.0, 0.0, 0.030000009573996067]
                        },
                        "geometricError": 0.0,
                        "content": {
                          "uri": "tiles/5/16/15/12.glb"
                        }
                      }]
                  }]
              }]
          }]
      }, {
        "boundingVolume": {
          "box": [3.9885853372397833, 1.228607846425585, 9.51649306063701, 0.3724074262136128, 0.0, 0.0, 0.0, 0.609390152618289, 0.0, 0.0, 0.0, 1.7764947214573326]
        },
        "geometricError": 0.6463959586924104,
        "content": {
          "boundingVolume": {
            "box": [4.1129698476725025, 1.2900715088487784, 9.51649306063701, 0.24802291578089353, 0.0, 0.0, 0.0, 0.5479264901950955, 0.0, 0.0, 0.0, 1.7764947214573326]
          },
          "uri": "tiles/1/1/1/0.glb"
        },
        "children": [{
            "boundingVolume": {
              "box": [3.9026504960493185, 0.8129608482138435, 8.163498737147226, 0.286472585023148, 0.0, 0.0, 0.0, 0.1937431544065475, 0.0, 0.0, 0.0, 0.4235001619756211]
            },
            "geometricError": 0.09900600284235256,
            "content": {
              "boundingVolume": {
                "box": [3.9026504960493185, 0.8129608482138435, 8.158498749245107, 0.286472585023148, 0.0, 0.0, 0.0, 0.1937431544065475, 0.0, 0.0, 0.0, 0.41850017407350215]
              },
              "uri": "tiles/2/2/2/1.glb"
            },
            "children": [{
                "boundingVolume": {
                  "box": [3.8941485600953456, 0.8858416806922477, 8.415668240870302, 0.2600148350757081, 0.0, 0.0, 0.0, 0.08768043294548988, 0.0, 0.0, 0.0, 0.17133065825254512]
                },
                "geometricError": 0.09279896503018337,
                "content": {
                  "boundingVolume": {
                    "box": [3.8942463916901033, 0.8669520327837389, 8.281863688623291, 0.25991700348095037, 0.0, 0.0, 0.0, 0.0687907850369811, 0.0, 0.0, 0.0, 0.03752610600553474]
                  },
                  "uri": "tiles/3/4/4/3.glb"
                },
                "children": [{
                    "boundingVolume": {
                      "box": [3.889168748559314, 0.89202654361885, 8.448498740648999, 0.25503502353967633, 0.0, 0.0, 0.0, 0.08149557001888752, 0.0, 0.0, 0.0, 0.1385001584738479]
                    },
                    "geometricError": 0.0,
                    "content": {
                      "uri": "tiles/4/8/8/6.glb"
                    }
                  }]
              }]
          }]
      }]
  }
}