{
  "id": "customFromIfcDocument",
  "classes": {
    "merged": {
      "properties": {
        "Pengguna": {
          "name": "(-) : Pengguna",
          "type": "STRING",
          "noData": ""
        },
        "Pengelola": {
          "name": "(-) : Pengelola",
          "type": "STRING",
          "noData": ""
        },
        "ObjectId": {
          "name": "(-) : ObjectId",
          "type": "STRING",
          "noData": ""
        },
        "Pemilik": {
          "name": "(-) : Pemilik",
          "type": "STRING",
          "noData": ""
        },
        "TahunPembangunan": {
          "name": "(-) : Tahun Pembangunan",
          "type": "STRING",
          "noData": ""
        },
        "predefinedType": {
          "name": "PredefinedType",
          "type": "STRING",
          "noData": ""
        },
        "NamaBangunan": {
          "name": "(-) : Nama Bangunan",
          "type": "STRING",
          "noData": ""
        },
        "GlobalId": {
          "name": "(-) : GlobalId",
          "type": "STRING",
          "noData": ""
        },
        "NamaProject": {
          "name": "(-) : Nama Project",
          "type": "STRING",
          "noData": ""
        },
        "globalId": {
          "name": "GlobalId",
          "type": "STRING",
          "noData": ""
        },
        "name": {
          "type": "STRING",
          "noData": ""
        },
        "Deskripsi": {
          "name": "(-) : Deskripsi",
          "type": "STRING",
          "noData": ""
        },
        "representation": {
          "name": "Representation",
          "type": "STRING",
          "noData": ""
        },
        "tag": {
          "name": "Tag",
          "type": "STRING",
          "noData": ""
        },
        "objectPlacement": {
          "name": "ObjectPlacement",
          "type": "STRING",
          "noData": ""
        },
        "name_1": {
          "name": "Name",
          "type": "STRING",
          "noData": ""
        },
        "Kondisi": {
          "name": "(-) : Kondisi",
          "type": "STRING",
          "noData": ""
        },
        "ownerHistory": {
          "name": "OwnerHistory",
          "type": "STRING",
          "noData": ""
        },
        "KodeElemen": {
          "name": "(-) : Kode Elemen",
          "type": "STRING",
          "noData": ""
        },
        "expressId": {
          "name": "Express ID",
          "type": "SCALAR",
          "componentType": "UINT32",
          "noData": 0
        },
        "classId": {
          "name": "Class ID",
          "type": "SCALAR",
          "componentType": "UINT32",
          "noData": 0
        },
        "NamaElemen": {
          "name": "(-) : Nama Elemen",
          "type": "STRING",
          "noData": ""
        },
        "className": {
          "name": "Class Name",
          "type": "STRING",
          "noData": ""
        },
        "objectType": {
          "name": "ObjectType",
          "type": "STRING",
          "noData": ""
        }
      }
    }
  }
}